id,name
aacc_c10cwqghq00001owfyvwq126,Customer account 1
aacc_c8lodc9z00001pjfyvwq126,Customer account 2
aacc_czj999vto000j1mo1qkb1ydg,Customer account 3
aacc_celx54f0r000a1qqh4lnefn9,Customer account 4
aacc_cnq7b2pys000a1t4h4lnefn9,Customer account 5
aacc_cnqk1nspz000e1t47aru17jl,Customer account 6
aacc_crwybmdme000h1nj94zut58v,Customer account 7
aacc_cxow1w7qu000z1l78rn8yn8x,Customer account 8
aacc_cyivyslze00111l79jlzbcuz,Customer account 9
aacc_cyjhkg4ba000r1nue5prlisl,Customer account 10
aacc_cyu5f5iow00131nu7gu33gsj,Customer account 11
aacc_cyxisfn7t001u1l7wsresqbj,Customer account 12
aacc_czos2p50m000d1pgbw046m1l,Customer account 13
cuacc_c1tfi1xru000b1tmb5d0240d,Customer account 14
cuacc_c39kkl6v0000p1rtpwwaefee,Customer account 15
cuacc_c3a5xn7z3000t1rt2oi29p00,Customer account 16
cuacc_c7m0b1011000f1ocw06eu4n0,Customer account 17
cuacc_cdqm9c045001g1ntnr8om9d1,Customer account 18
cuacc_cm2c6q17k004o71q2a4bvngy,Customer account 19
cuacc_cvp2dvtix000173py1s0i1xk,Customer account 20
cuacc_cvvqafzzq000573p54687jg1,Customer account 21
cuacc_c14xy6my5000173ey1s0i1xk,Customer account 22
cuacc_c2npyh6sw000o64dkz2pal7j,Customer account 23
cuacc_cbm4jw1aa000m639o0d1vjfe,Customer account 24
cuacc_ccffp7crm00116319jlzbcuz,Customer account 25
cuacc_cjyzhn36u006e717xm9snzek,Customer account 26
cuacc_coeglw7yf0000721fyvwq126,Customer account 27
cuacc_cpgzqsg3n0008721ghgxf64s,Customer account 28
cuacc_crxf71k4f000i7210nzc0xi4,Customer account 29
cuacc_cu47anxed000473ph6cklh2s,Customer account 30
cuacc_cw28wklia000k7m22zkcqk7ti,Customer account 31
cuacc_cxg6u13vr002a735opo22pht,Customer account 32
cuacc_czfr8oofx007c7zsqe1ukbjw,Customer account 33
cuacc_czjwjlwqz0065708350l6man,Customer account 34
cuacc_ckmtsjky000c76zku54zm4h,Customer account 35
cuacc_c3rotd9j0003u76zwkes70sa,Customer account 36
cuacc_c41zhs2e6004e72x7xf4ey4p,Customer account 37
cuacc_c65ccws52004d76egeih7f0f,Customer account 38
cuacc_c6cpwn8lj001w72yif6r9y5w,Customer account 39
cuacc_c87rfri5o0000b6gfyvwq126,Customer account 40
cuacc_ccmqhn4nm002f73jechtwq2b,Customer account 41
cuacc_clic2ccm300af82zgn83dtgg,Customer account 42
cuacc_clv3a9zpo000262sb7haliai,Customer account 43
cuacc_cmkvkk0ql000b62sb5d0240d,Customer account 44
cuacc_cmldc8wdd000g62stu81bt40,Customer account 45
cuacc_cnsjanwro000882lghgxf64s,Customer account 46
cuacc_c112mbl1600151328hv2x4op,Customer account 47
cuacc_c6aljkphs000i1af0nzc0xi4,Customer account 48
cuacc_c6ojhc6en00261afmz0onve6,Customer account 49
cuacc_c6ori1bjl002f1afechtwq2b,Customer account 50
cuacc_c6qflxd43001m194jic1ec54,Customer account 51
cuacc_c7nomkody002u194vkmjn47f,Customer account 52
cuacc_c8n2nx84n002h1afqsok2eaf,Customer account 53
cuacc_c9pb35sfr004h1afes5l4n5i,Customer account 54
cuacc_carxqkomd00231942taeis7p,Customer account 55
cuacc_caxknwydt003y194ju1j1dun,Customer account 56
cuacc_cdh5f6pec000118yy1s0i1xk,Customer account 57
cuacc_cegc7po9u001l1bwj9lqbehd,Customer account 58
cuacc_cf0n12lxy002y1ck4cbheuks,Customer account 59
cuacc_chkxu18w8004b1e4f18phh4e,Customer account 60
cuacc_cistlycn3001p17v29w2dmnz,Customer account 61
cuacc_cjqhx31tl001k15w1urrsr4k,Customer account 62
cuacc_cjrvfklic001x15wvii0790k,Customer account 63
cuacc_ckxuymil0002q17vs137lmm7,Customer account 64
cuacc_cludnkj9e003417vc23u6acj,Customer account 65
cuacc_cmw5irx0h004r15wa8vcf0g8,Customer account 66
cuacc_cmxaj7zan00iu17vott7mdpe,Customer account 67
cuacc_co0510oag00011ahy1s0i1xk,Customer account 68
cuacc_coy9kspmw00341ayc23u6acj,Customer account 69
cuacc_cpevb50mc006n1ay9i7ryglg,Customer account 70
cuacc_cqho5gc5v00941aymw0i5f77,Customer account 71
cuacc_crn12igfx00951ahqhau5tb9,Customer account 72
cuacc_cuj7hr5h4000c1dsku54zm4h,Customer account 73
cuacc_cy44hmylr002115e3ib8v8pn,Customer account 74
cuacc_c1tcn6cl30003163wyouo0dk,Customer account 75
cuacc_c5nfy8h4c00ar163l7d5cabx,Customer account 76
cuacc_c92ajzxxm005t18taxdf19ix,Customer account 77
cuacc_ca8rwl6h4004d16hgeih7f0f,Customer account 78
cuacc_caei4qy5i004u16hgzzu6dfy,Customer account 79
cuacc_cc0kvyssv0000190fyvwq126,Customer account 80
cuacc_cc9lk0ohu000g1a5tu81bt40,Customer account 81
cuacc_ccigz3mcp00191e0ycjcxe6f,Customer account 82
cuacc_ccno7yn2v001x1e0vii0790k,Customer account 83
cuacc_ccqbbj2m6001x1bivii0790k,Customer account 84
cuacc_cdl50ozmv001q18qclygv6vm,Customer account 85
cuacc_chuydhrrt000a19gh4lnefn9,Customer account 86
cuacc_cj322qcyr002k1b9wk8teqwo,Customer account 87
cuacc_cjy840me2004o18s2a4bvngy,Customer account 88
cuacc_cka2vboke006318sfp302dp9,Customer account 89
cuacc_cl90r5s6t000d18ybw046m1l,Customer account 90
cuacc_cpjuh1nwb000l19tlxludzzy,Customer account 91
cuacc_crpzckavo001d1bp47hoknjz,Customer account 92
cuacc_crqvxa3ld001i19zr507xvlg,Customer account 93
cuacc_cs3byyyyx002z1bpyefq5otx,Customer account 94
cuacc_csxcwr9or006o19zk4dapyfn,Customer account 95
cuacc_ct1ap1v6p004w1bpr1c7vtp5,Customer account 96
cuacc_ct221zs6z007m19zg71wd0nu,Customer account 97
cuacc_cx4lgz1b200051ca54687jg1,Customer account 98
cuacc_cx856aeip000i18r0nzc0xi4,Customer account 99
cuacc_cxjq2sk7v001018rxny3v2h3,Customer account 100
cuacc_cxqdpmmgs000018bfyvwq126,Customer account 101
cuacc_cze4g3vud000p17vpwwaefee,Customer account 102
cuacc_clwcklyj000w1a5n3okevy0,Customer account 103
cuacc_cn4hvn94002w1chj85i2l68,Customer account 104
cuacc_c3y2y3ugn0001199y1s0i1xk,Customer account 105
cuacc_c40a27hjm00a31a5qkm6pa3m,Customer account 106
cuacc_c522o0dsd00br1a5wf4ywjn1,Customer account 107
cuacc_c5bqgae5x00361c283b8iqg9,Customer account 108
cuacc_c5wvteetx00bz1ds6qfadmtl,Customer account 109
cuacc_c69tymxem00cr1dsib2sfbp9,Customer account 110
cuacc_c84ifc59a00061b1p3ht5r46,Customer account 111
cuacc_c8haqszc600041ajh6cklh2s,Customer account 112
cuacc_cbhjcz35u000319mwyouo0dk,Customer account 113
cuacc_cbkm0haog000317owyouo0dk,Customer account 114
cuacc_ccraq2lve00301bxfuopmjz8,Customer account 115
cuacc_cepw6rvou000f1a4w06eu4n0,Customer account 116
cuacc_ceu2r1plf000w1b7n3okevy0,Customer account 117
cuacc_cg5dsrrwh001918pycjcxe6f,Customer account 118
cuacc_cjbpbiqxw004t1532ciy9h11,Customer account 119
cuacc_cjjno8129000f168w06eu4n0,Customer account 120
cuacc_cjshbs24g000s168ocxon6wd,Customer account 121
cuacc_ck75b1tcz000p14cpwwaefee,Customer account 122
cuacc_clnb3fatu001q1bkclygv6vm,Customer account 123
cuacc_cmlotvnx7001l170j9lqbehd,Customer account 124
cuacc_cmlw9p9bi001318n7gu33gsj,Customer account 125
cuacc_cnpdb04ye003g170k61xfruv,Customer account 126
cuacc_cnrxdx1iv002r18nc803tnzg,Customer account 127
cuacc_co0g9nk0j003r18n5wngp11r,Customer account 128
cuacc_cos7zsp7c000518b54687jg1,Customer account 129
cuacc_csfvypsmk000215ib7haliai,Customer account 130
cuacc_csg6mko4l00071a3k3hz7qls,Customer account 131
cuacc_ctozmpi2h009g1cruolopqoo,Customer account 132
cuacc_cvdwis3q9004b1bzf18phh4e,Customer account 133
cuacc_cylf1yn6v008p164iu8j9jtb,Customer account 134
cuacc_cz319pjyj000d1b5bw046m1l,Customer account 135
cuacc_czxekwmon0007124k3hz7qls,Customer account 136
cuacc_ctqlvhza000j1ae1qkb1ydg,Customer account 137
cuacc_cw46htjf000o18nkz2pal7j,Customer account 138
cuacc_c16e7wg95002x18ngmbu0yed,Customer account 139
cuacc_c59f3jfpj000o19zkz2pal7j,Customer account 140
cuacc_c6lsn8m6w007919zk8uu4z57,Customer account 141
cuacc_c8wamttim00b11aqu71b67di,Customer account 142
cuacc_cfyrvkibd00531961wrul0az,Customer account 143
cuacc_cgmtihzk500e019692qfvs6s,Customer account 144
cuacc_chhcyl928002817a2laz6j3l,Customer account 145
cuacc_cidflvyg0006o17ak4dapyfn,Customer account 146
cuacc_cimtf4t4c009617piz1d1upu,Customer account 147
cuacc_cjc7nhlvt000l1bllxludzzy,Customer account 148
cuacc_cjwfqoeot00141c64uiq5yy9,Customer account 149
cuacc_cly9w43ag009e1blbnwr8zab,Customer account 150
cuacc_cn20dnjir01c717twfb6hvue,Customer account 151
cuacc_cofv2kug400d01bxjwvl96s3,Customer account 152
cuacc_cpdyfa59a00el1anfg5zx9qw,Customer account 153
cuacc_cto7a4i7q00xb17huydo2dez,Customer account 154
cuacc_cvn97nnst00301akfuopmjz8,Customer account 155
cuacc_cvwuklvmd00bl1akzaihap75,Customer account 156
cuacc_cy6dmm5wq00kg1asm8bfxzl9,Customer account 157
cuacc_c1hkww7o9006k1buowsn4zsj,Customer account 158
cuacc_c2f3r55et01w31asvcxm4dn2,Customer account 159
cuacc_c3n0snpcf001l1bxj9lqbehd,Customer account 160
cuacc_c3onr2j6600241bx3i1o521p,Customer account 161
cuacc_c4erx67al001k13z1urrsr4k,Customer account 162
cuacc_c4jpduskf00qv19y9d8ztqnx,Customer account 163
cuacc_c4nwg7dl8001718q9rx5gbej,Customer account 164
cuacc_c4qkwlzwo002j18q1xr2f87i,Customer account 165
cuacc_c96e2shoe00171xy9rx5gbej,Customer account 166
cuacc_ca6lxr2yp00081vvghgxf64s,Customer account 167
cuacc_cdk7j8si1002a1usopo22pht,Customer account 168
cuacc_cgu3zju1w000n1vpw4xosm48,Customer account 169
cuacc_cjvuk7nlk00r91u3i167pxk2,Customer account 170
cuacc_clchnvz9j000a1u6h4lnefn9,Customer account 171
cuacc_cm70n4h6l00051yh54687jg1,Customer account 172
cuacc_cnwgtgynj000u1tdln6e029c,Customer account 173
cuacc_conjafl13000i1ws0nzc0xi4,Customer account 174
cuacc_cos19892u00wk1y704tlnm28,Customer account 175
cuacc_cpg4668zz00q41pxurqgzooj,Customer account 176
cuacc_cqpnsay0200091y107ock8i9,Customer account 177
cuacc_cqse3mc97000x1wzgk5z0pru,Customer account 178
cuacc_cqtza1b9k00051s854687jg1,Customer account 179
cuacc_cquosc2no001n1rem79dm9y2,Customer account 180
cuacc_cqxscmcdy00ez1snw5nw2dma,Customer account 181
cuacc_cqyi6qfc200f71sncv4355zb,Customer account 182
cuacc_cr96tw19300031wywyouo0dk,Customer account 183
cuacc_crj0xgwtw000b1wyb5d0240d,Customer account 184
cuacc_crn61868x001f1xkuxr0lctb,Customer account 185
cuacc_croggnppm007z1ww10pndtba,Customer account 186
cuacc_crowpcc92000q1yxsku32og9,Customer account 187
cuacc_crqytr0db000g1q4tu81bt40,Customer account 188
cuacc_crtdl2wmj000y1qam226xmrh,Customer account 189
cuacc_cruk1xzi000101rixny3v2h3,Customer account 190
cuacc_crv4pg1bz00131ri7gu33gsj,Customer account 191
cuacc_crv6oz1do00051sj54687jg1,Customer account 192
cuacc_cstum19el000p1ywpwwaefee,Customer account 193
cuacc_csuyfvijw001a1v2betazk7s,Customer account 194
cuacc_csx48dw62001o1y0skyrjvtm,Customer account 195
cuacc_ct3h4e8v200031xbwyouo0dk,Customer account 196
cuacc_ctu61cdjh00021u1b7haliai,Customer account 197
cuacc_cw48gpyme00041x5h6cklh2s,Customer account 198
cuacc_cw60xmr1800lr1ve67b4ij48,Customer account 199
cuacc_cw73xp3w600081pyghgxf64s,Customer account 200
cuacc_cw9kzrn5j000t1t82oi29p00,Customer account 201
cuacc_cwg5oeaba000b1u4b5d0240d,Customer account 202
cuacc_cx8pitpjb001e1t0c1g90vyt,Customer account 203
cuacc_cxddjqz2f00mv1su06xq5b5y,Customer account 204
cuacc_cxemf084800n91suxiakgchj,Customer account 205
cuacc_cxhggs98l000v1sjxt8ntgxs,Customer account 206
cuacc_cxp3ahxwy00001v1fyvwq126,Customer account 207
cuacc_cyazh5r7400061vjp3ht5r46,Customer account 208
cuacc_cyhyq9z6u00031tlwyouo0dk,Customer account 209
cuacc_czhxgi76400001ydfyvwq126,Customer account 210
cuacc_czk880l8t00041zah6cklh2s,Customer account 211
cuacc_cqivv3tf00001vifyvwq126,Customer account 212
cuacc_c1utnf91f000f1wyw06eu4n0,Customer account 213
cuacc_c32vhpe4p00071vtk3hz7qls,Customer account 214
cuacc_c3t8zlwp4000m1wwo0d1vjfe,Customer account 215
cuacc_c4npvp4ic014x1xjcjeftot0,Customer account 216
cuacc_c4qhdhfd203k91xvegd567wi,Customer account 217
cuacc_c4qm34oc9002i1wrdr0xzrom,Customer account 218
cuacc_c4qpieshl002l1wxs2wo1odm,Customer account 219
cuacc_c4rr9hpzh023p1yndi1jg0sl,Customer account 220
cuacc_c4t1l4qk102jk1xjks341lgk,Customer account 221
cuacc_c4uvotew402la1xj9b3esm4l,Customer account 222
cuacc_c4uvz1sxg02s61ygaw8vq0p1,Customer account 223
cuacc_c4vifmxzd006w1wrhq1qdt43,Customer account 224
cuacc_c4vj03wrh013h1wxwhsx2uro,Customer account 225
cuacc_c4vk7e5q600761wryzlf1mgg,Customer account 226
cuacc_c4vv1m8dz030w1yglioakahj,Customer account 227
cuacc_c4wem25ip03261ygjixhu7p4,Customer account 228
cuacc_c4wq8xexg04ng1xvv7pkqef3,Customer account 229
cuacc_c4xnims3206ea1ynxgye4kkm,Customer account 230
cuacc_c4y9wu2u206pz1xvbe1mtrxg,Customer account 231
cuacc_c4yhiascw05e81xj8rk3z5to,Customer account 232
cuacc_c4yl48cdr035g1wxddzl4qwz,Customer account 233
cuacc_c4ywmdn7i05pb1xjluego36w,Customer account 234
cuacc_c4zvgx16506ta1ynvlpf5nma,Customer account 235
cuacc_c50h7bb3603k51wxw8rnoijz,Customer account 236
cuacc_c50lhxn6s06u81ynaxq3tish,Customer account 237
cuacc_c522ccrde0ce21wrzjl78qxo,Customer account 238
cuacc_c525ans3r0a1n1xj4s65ymwe,Customer account 239
cuacc_c525ogwsw0ce91wrhvtv5kti,Customer account 240
cuacc_c52be5h870c2o1xvtlmrn8uh,Customer account 241
cuacc_c52ijgf5k0cf21wrfok374zc,Customer account 242
cuacc_c52jrem8a0b3n1ygzimudkqg,Customer account 243
cuacc_c52qz90c50b3u1yg6od4v6it,Customer account 244
cuacc_c52u33qo4091r1ynrwtokz37,Customer account 245
cuacc_c53yb9mcx0a5a1xjcy5me3t7,Customer account 246
cuacc_c5479j35j0h9z1wra6nt9b7o,Customer account 247
cuacc_c54wr2fa00j6u1wrj3vjv2yu,Customer account 248
cuacc_c54xrpavk0a801xj0rpwbl06,Customer account 249
cuacc_c5588jj7s0gd71xv9mei8ybi,Customer account 250
cuacc_c56h855q100071ynk3hz7qls,Customer account 251
cuacc_c56unapvi0cgf1yg8ni2yb3l,Customer account 252
cuacc_c58cdd53p0byn1xjdyzmk3xc,Customer account 253
cuacc_c59dvbv4v00021u5b7haliai,Customer account 254
cuacc_c59wht95m00011wty1s0i1xk,Customer account 255
cuacc_c5c1j2ccq001j1wpy13n72cm,Customer account 256
cuacc_c5c3y77ci000s1tlocxon6wd,Customer account 257
cuacc_c5c587zx6000y1tlm226xmrh,Customer account 258
cuacc_c5ca4zvcu001d1tl47hoknjz,Customer account 259
cuacc_c5g0dtgxe02ji1xfainuwoqc,Customer account 260
cuacc_c5htkhnpo02n61xf0h8q864t,Customer account 261
cuacc_c5keikdd5069y1wpg5rln74v,Customer account 262
cuacc_c5lh18eyd07361tl5pup6sbo,Customer account 263
cuacc_c5tn4qx6e076v1tlv6eqymyj,Customer account 264
cuacc_c5usmhy4v05kp1v2k9ny9w9o,Customer account 265
cuacc_c5vuq4mpb05mi1vbybloxh45,Customer account 266
cuacc_c5wislx1509o21tlqyxigdxe,Customer account 267
cuacc_c5x5lkjca05ov1vbw9ye6bps,Customer account 268
cuacc_c5y9u7wgz06811xbllrl2a5p,Customer account 269
cuacc_c60058aui0aca1wp5a372ldd,Customer account 270
cuacc_c60bb8y8v0b3r1v20wfa43a2,Customer account 271
cuacc_c60eg9tcp0c6z1tlj7mabl2z,Customer account 272
cuacc_c60nfrjwd0c791tlsz707vre,Customer account 273
cuacc_c60qmpkp2053p1xf1ybdflsi,Customer account 274
cuacc_c61tfpfma0e4w1tlwzyiz7nw,Customer account 275
cuacc_c61y5bhyw0fp81tlhxv6k7v4,Customer account 276
cuacc_c622z7wzm05541xfqst3cnt8,Customer account 277
cuacc_c62m5io280cg81xb532uctag,Customer account 278
cuacc_c63gzfwe80cgv1xbybb8ltbh,Customer account 279
cuacc_c64edpg8z0dkk1wpgvdf72vd,Customer account 280
cuacc_c6629i5eq0ggf1xbp44peo4j,Customer account 281
cuacc_c66fho8un0bvp1xfhwwj9w81,Customer account 282
cuacc_c66i78x400jxr1tl2hfbipq2,Customer account 283
cuacc_c684rfuak0fy71vbitqqlcnj,Customer account 284
cuacc_c68cs6b0w0kv21v24ve9twl2,Customer account 285
cuacc_c6a3fegkz0jix1xbskw3anmc,Customer account 286
cuacc_c6c34psr7009i1zmhc328n29,Customer account 287
cuacc_c6d5olxin009k10yosu13vdz,Customer account 288
cuacc_c6gscuhq600dr10yc88fs70v,Customer account 289
cuacc_c6gy3nxj401dc11mlyydv1oe,Customer account 290
cuacc_c6kwjbrfv03ap10dt3scsxcv,Customer account 291
cuacc_c705fyc2m05hw1zmlc29m2kv,Customer account 292
cuacc_c70dmcdk204fn11m6b2qxg01,Customer account 293
cuacc_c740hiu73003a10vrttzs89c,Customer account 294
cuacc_c75zhmxvr02a610e5vx5qvuo,Customer account 295
cuacc_c77l3p0na005610v1m3k6o5d,Customer account 296
cuacc_c78d36x3i02c610e2zl1r8b3,Customer account 297
cuacc_c78w5tko908ph11mkkwd3xlz,Customer account 298
cuacc_c79trf9qo07qy1zm9c1chlwc,Customer account 299
cuacc_c7cf707oz09cp1zm6kxaymjz,Customer account 300
cuacc_c7e2a4hwq09xy10dozmgntri,Customer account 301
cuacc_c7e6o8tfw03fs10v34l94wc0,Customer account 302
cuacc_c7hfqwrxx0b8q10dz7q9b5s5,Customer account 303
cuacc_c837knm5201yj1rm38c92ebz,Customer account 304
cuacc_c85ycbgsj01o71uuj6b1gmzx,Customer account 305
cuacc_c87dbn1vj01sk1uu63sgd1w0,Customer account 306
cuacc_c8b9g2b5702951tfp0yt7uu7,Customer account 307
cuacc_c8bfle9td04tn1u9fuemrdg7,Customer account 308
cuacc_c8e99xa9h001n1y3m79dm9y2,Customer account 309
cuacc_c8evabb0p001y1y3wv2s3yym,Customer account 310
cuacc_c8fq4v7vv01px1xi9wnp7hdf,Customer account 311
cuacc_c8hthx3ht039o1xiqlg3ua46,Customer account 312
cuacc_c8iqcic5z01v510baerqt76u,Customer account 313
cuacc_c8jbzteev04ki10bnch4kv9f,Customer account 314
cuacc_c8m7wrxof03dy1xi7zprjj8h,Customer account 315
cuacc_c8oqab7jl04el11ke8aiqwer,Customer account 316
cuacc_c988fwuf704me10bao9d9lgs,Customer account 317
cuacc_c9fo4l80g012111ml369p3d3,Customer account 318
cuacc_c9guoi0bd04ro1182utofsrb,Customer account 319
cuacc_c9kxbtptt059011ki4r2wd6d,Customer account 320
cuacc_c9soj33nj027g1y3gdu3aw4v,Customer account 321
cuacc_cagontbdv082q11kg8ohywkf,Customer account 322
cuacc_cb2cd4kh709zm118ap3793w8,Customer account 323
cuacc_cbbd97tam086411kb1k0zbhh,Customer account 324
cuacc_cbcvmtr9f05gi1xi3a9e6vob,Customer account 325
cuacc_cbgf44afo02lr11mk5lmdiz8,Customer account 326
cuacc_cbib5nchn089q11kjzfwmit7,Customer account 327
cuacc_cblrnau3h005c1yj8w8zjlzp,Customer account 328
cuacc_cbptnny9u014u1zgfnxmyess,Customer account 329
cuacc_cbqv5a7r201501zg5w3ep3vv,Customer account 330
cuacc_cbqz5ocww01871zgzoyodw47,Customer account 331
cuacc_cbs8yp8qj00u11v7jvxikk9v,Customer account 332
cuacc_cbs8zr5rm01jh1zg6of15zqk,Customer account 333
cuacc_cbtcht9jz00011y8y1s0i1xk,Customer account 334
cuacc_cbwxjw2pk00ix1wcn8zea6qi,Customer account 335
cuacc_cc1ikyyf500071wik3hz7qls,Customer account 336
cuacc_cc29s200w01el1sa55ak5hfc,Customer account 337
cuacc_cc60crw4b00at1wijh04xu9f,Customer account 338
cuacc_ccnz79503001e1twc1g90vyt,Customer account 339
cuacc_ccpn4sz6a002i1ukdr0xzrom,Customer account 340
cuacc_ccr7esgj2002u1twvkmjn47f,Customer account 341
cuacc_ccrkfd2y601q11rq9avwp848,Customer account 342
cuacc_ccrowd27w02iy1ual7g7ph3r,Customer account 343
cuacc_ccrzno8jd005y1t0obe8620j,Customer account 344
cuacc_cctdn4ebf03ea1rqins0m8zu,Customer account 345
cuacc_ccthq76530001102y1s0i1xk,Customer account 346
cuacc_cctifvl4x000011hfyvwq126,Customer account 347
cuacc_cctlcm47z0007129k3hz7qls,Customer account 348
cuacc_ccvwxjqsh000w137n3okevy0,Customer account 349
cuacc_ccww9n2cs02u1129a1w6ag0n,Customer account 350
cuacc_ccxfdzphw02ax10urzc35e5h,Customer account 351
cuacc_ccxw7gf6u00c913795io7ct0,Customer account 352
cuacc_ccy1fthho020y1z8e4g3vxrq,Customer account 353
cuacc_ccyl20n2r021e1z8nw78puln,Customer account 354
cuacc_cczaen5qz021y1z8xi7s66m0,Customer account 355
cuacc_cd1n71myh00001vufyvwq126,Customer account 356
cuacc_cd2jrqfjx00091ua07ock8i9,Customer account 357
cuacc_cda71mfjw00691vucr1mmvqo,Customer account 358
cuacc_cdtmvcp5v00031ukwyouo0dk,Customer account 359
cuacc_cdvcclo7m004m1rbeir2acci,Customer account 360
cuacc_cdvhd5hyz001j1tey13n72cm,Customer account 361
cuacc_cdxrwn0os002y1te4cbheuks,Customer account 362
cuacc_cdy0gde2g02td1r89ypwchcv,Customer account 363
cuacc_cdyf3dzc3007y1rbgiwcclbo,Customer account 364
cuacc_cdyhzccfh00wo1ufg0uk5mz0,Customer account 365
cuacc_cdz78gn45045c1r86oq00twz,Customer account 366
cuacc_cdzulanbo00541teluyo4be5,Customer account 367
cuacc_ce0goncs4047y1uk9jvntw2t,Customer account 368
cuacc_ce18tuiux03xk1vhpp75rt7j,Customer account 369
cuacc_ce25lrzx0012g1teprh8efdf,Customer account 370
cuacc_ce3up3dqc04zw1r88jc7pi2h,Customer account 371
cuacc_ce4ew3c1c05091r8l8cfmhts,Customer account 372
cuacc_ceovomclo047q1tehsd83owm,Customer account 373
cuacc_ceqxi99nz03fw1rbbeyxxly3,Customer account 374
cuacc_cet0nhumh06p41r8u8jl3xdq,Customer account 375
cuacc_cetk2w7oa03gx1rb3h21pmw0,Customer account 376
cuacc_ceu92vvom000p1r8pwwaefee,Customer account 377
cuacc_cew06m37208oa1vhk2feblfl,Customer account 378
cuacc_cew2ja8jy00021ukb7haliai,Customer account 379
cuacc_cew7ad2wg00001ukfyvwq126,Customer account 380
cuacc_ceww9begj001c1tef12w0izy,Customer account 381
cuacc_cexg4j4jq002h1ukqsok2eaf,Customer account 382
cuacc_cexncufn200471rbevqnn1ax,Customer account 383
cuacc_cext0wx1003aj1tethhe7pku,Customer account 384
cuacc_cey93hxa500l81ufuheaah87,Customer account 385
cuacc_cf0diskrg01bu1r8cgofn4hi,Customer account 386
cuacc_cf0ikbigh00si1uk1mrmd09w,Customer account 387
cuacc_cf1l12c9f01qv1r83ooia8qp,Customer account 388
cuacc_cf24k8cur00hw1texskohvxv,Customer account 389
cuacc_cf313ibib010v1ufmutthfit,Customer account 390
cuacc_cf3adn1pq094j1rboyswscs3,Customer account 391
cuacc_cf4abm1gc02gm1ukuq0znfpd,Customer account 392
cuacc_cf4okvrwo03781ukw0b1sd96,Customer account 393
cuacc_cf535j4q3037f1uk8nizsr2h,Customer account 394
cuacc_cf7a1b8gv00091wn07ock8i9,Customer account 395
cuacc_cf9gubj8401mk1wngcz3iso3,Customer account 396
cuacc_cfa1lx1e300001tofyvwq126,Customer account 397
cuacc_cfc4nkvnc00051up54687jg1,Customer account 398
cuacc_cfhj3gns7000k1upzkcqk7ti,Customer account 399
cuacc_cfvns5tpq017t1to7h6yvjch,Customer account 400
cuacc_cfzz4rlxa042b1t244ogwvm5,Customer account 401
cuacc_cg2gnzb0w005u1um14xym3kb,Customer account 402
cuacc_cg3gfz8ya00dk1upt3wf0ggg,Customer account 403
cuacc_cg6aqevug00001wbfyvwq126,Customer account 404
cuacc_cg8kas7ck00011wpy1s0i1xk,Customer account 405
cuacc_chc4jmnqa00091u907ock8i9,Customer account 406
cuacc_cip6eowb500341vzc23u6acj,Customer account 407
cuacc_cj8wvyhzm01p61u9g9molmci,Customer account 408
cuacc_cjajuh4rj01q41u9zmbz4iai,Customer account 409
cuacc_cjeju3zbv03j31uaeiulk8tw,Customer account 410
cuacc_cjgmbzf2a03d31trdhba7rmv,Customer account 411
cuacc_cjiifuum700031uowyouo0dk,Customer account 412
cuacc_cjiix0blp00011spy1s0i1xk,Customer account 413
cuacc_cjmckxdh2007w1wrbk4daeea,Customer account 414
cuacc_cjn45pruu001o1ttskyrjvtm,Customer account 415
cuacc_cjqootrfr013f1ttyu7evkcx,Customer account 416
cuacc_cjub67yv800061u2p3ht5r46,Customer account 417
cuacc_ckcojvpoo00l31udocg1f9vj,Customer account 418
cuacc_ckfe6r5xb00371ttx1cxpylk,Customer account 419
cuacc_ckfpuf8kb004u1ttgzzu6dfy,Customer account 420
cuacc_ckg01rti004yw1xe3m6430pc,Customer account 421
cuacc_ckgibgfap00851vluksiccv7,Customer account 422
cuacc_ckipp6xra00i31u2bjh4oyk6,Customer account 423
cuacc_ckixf6t6z00i61u2eylg74kz,Customer account 424
cuacc_ckjozd9ml05361xeobca4nah,Customer account 425
cuacc_ckmpt08br04w21udv0w1q5tg,Customer account 426
cuacc_clitbxcx303bg1vlkky084lt,Customer account 427
cuacc_clm6fhp3p01m41ttdv8bv581,Customer account 428
cuacc_clmhqdqud05fw1xe08f7ldnq,Customer account 429
cuacc_cmk188qfe055z1udt2nxab8y,Customer account 430
cuacc_cmstcqjoc04721u2ux35zui2,Customer account 431
cuacc_cmu5n0hyl067v1udxfrzguxl,Customer account 432
cuacc_cni42a7bz07rj1xekb8tthz7,Customer account 433
cuacc_cnlrmyxht08b41udvar89042,Customer account 434
cuacc_cnokx7tmd00041voh6cklh2s,Customer account 435
cuacc_cnvn43dia001z1zvogieu1u1,Customer account 436
cuacc_cnz34qbx6008t1yaey3yf9dd,Customer account 437
cuacc_co0cl0jjf09vf1zbn7aymgau,Customer account 438
cuacc_cq2yof1gm0blp1vz3p0iif1p,Customer account 439
cuacc_cr1bhkfoc00001wmfyvwq126,Customer account 440
cuacc_cr20yczo9000j1x61qkb1ydg,Customer account 441
cuacc_cr4o00ip8001h1vtpp0yu7dq,Customer account 442
cuacc_cr4qud0bb00081vpghgxf64s,Customer account 443
cuacc_cr7ie08e7012c1x3lxnsj76g,Customer account 444
cuacc_cr8ydyx5000nx1vparyuz6yi,Customer account 445
cuacc_crayfas0u01ol1v7kj1vspri,Customer account 446
cuacc_cs4zmywz800001qrfyvwq126,Customer account 447
cuacc_csajk2phr001q1ouclygv6vm,Customer account 448
cuacc_csb3v231q01pl1n8vto86pcb,Customer account 449
cuacc_csb70cl7d01qu1r6nstrhsys,Customer account 450
cuacc_csbje81gl01cz1o5l2ukj88m,Customer account 451
cuacc_csd8kupu800061wzp3ht5r46,Customer account 452
cuacc_cshy8ae0i000z1wz8rn8yn8x,Customer account 453
cuacc_cskw9hpcn001i1yar507xvlg,Customer account 454
cuacc_csuf706t905651vox42o4xw7,Customer account 455
cuacc_csweltrd900wu1x4qp35viml,Customer account 456
cuacc_ct3sbxs6f00yc1x4y5uwxbch,Customer account 457
cuacc_ct6ri2u2r02gt1yatvdftpor,Customer account 458
cuacc_ct7euqogm019d1zu48pax2r0,Customer account 459
cuacc_ct93ejghr03971x4gbug6cf0,Customer account 460
cuacc_ct95v2saw00xm1wzx4628003,Customer account 461
cuacc_ctgckf9ha005k1vi79lh1plu,Customer account 462
cuacc_ctmfqwt1o03ne1vjfbmaya0b,Customer account 463
cuacc_cu7tmedoe01xo1x1104fr7yw,Customer account 464
cuacc_cu9i74fon00041ujh6cklh2s,Customer account 465
cuacc_cu9q3ai1s00011s9y1s0i1xk,Customer account 466
cuacc_cu9xczs75000f1s9w06eu4n0,Customer account 467
cuacc_cuc3aj72v000a1syh4lnefn9,Customer account 468
cuacc_cud0a973v00031zawyouo0dk,Customer account 469
cuacc_cufh3bp5o000210bb7haliai,Customer account 470
cuacc_cugdhmfbu00he1xnx9xqhjh8,Customer account 471
cuacc_cuhsnkefq00su1xnmjo1wa86,Customer account 472
cuacc_cuivjn9zj001g10bnr8om9d1,Customer account 473
cuacc_cumn44pxd001d1rx47hoknjz,Customer account 474
cuacc_cuvk6yp73001y1upwv2s3yym,Customer account 475
cuacc_cvbgjsfzi009n1rxx5z3najy,Customer account 476
cuacc_cvda75hss01n61tqu4tq77md,Customer account 477
cuacc_cvdbff9x800du1rxg0jdctfi,Customer account 478
cuacc_cvebkxpm501b61ubvcpnreec,Customer account 479
cuacc_cvgn1dtdn00091tk07ock8i9,Customer account 480
cuacc_cvh5drjnh01p31suu8xz5ey1,Customer account 481
cuacc_cvj8ufulc01p51sx4q2n9ndv,Customer account 482
cuacc_cvkdhn0dq00ze1vttln5rvxv,Customer account 483
cuacc_cvtvqijms00551vzhlnfytj2,Customer account 484
cuacc_cw0vh1dn301a51tkxs236mru,Customer account 485
cuacc_cwkrmkjrn037y1sx5uj3zik9,Customer account 486
cuacc_cxgkde0il03k01uduydonuan,Customer account 487
cuacc_cxmbkcsui02sf1tkaujtp1ge,Customer account 488
cuacc_cyinhhla7077y1tk3fespi1r,Customer account 489
cuacc_cylvoek8o07sh1udly3laxl1,Customer account 490
cuacc_cynxqk4tg05y71vtn6ffy4xc,Customer account 491
cuacc_cyphnlon0000g1rqtu81bt40,Customer account 492
cuacc_cypqh61d2000b1sdb5d0240d,Customer account 493
cuacc_cyqwekz0k00121usrcgskznc,Customer account 494
cuacc_cysw7cy35000g1sdtu81bt40,Customer account 495
cuacc_cyt31dn9q01lp1ua0a8gbjcg,Customer account 496
cuacc_cyteep0hr000j1rq1qkb1ydg,Customer account 497
cuacc_cytpjlg0f00ug1usp8qu28wq,Customer account 498
cuacc_cyuyc05ci001l1t4j9lqbehd,Customer account 499
cuacc_cyxn39c9m000a1vnh4lnefn9,Customer account 500
cuacc_cyz8bxj5400ub1srci8w0l0t,Customer account 501
cuacc_cz2tt07ys01p51t24q2n9ndv,Customer account 502
cuacc_czcaw3ewu01q51t2uo3lfxsz,Customer account 503
cuacc_czqkkdf5r003x1tgtlnapr9l,Customer account 504
cuacc_czstjnk88004z1tg7dnkaca1,Customer account 505
cuacc_czt711okh00551tghlnfytj2,Customer account 506
cuacc_cztfod8u300zh1srm1lf0bc1,Customer account 507
cuacc_cs1pvda00301r8fuopmjz8,Customer account 508
cuacc_c10i6vxc00171te9rx5gbej,Customer account 509
cuacc_c9po49gh00011y6y1s0i1xk,Customer account 510
cuacc_c9yahsei00061vyp3ht5r46,Customer account 511
cuacc_caughomi00091vy07ock8i9,Customer account 512
cuacc_cctylz86000j1wi1qkb1ydg,Customer account 513
cuacc_cm6jwfnq007h1wid2g8r88h,Customer account 514
cuacc_cqcbm4iu008n1zcm0w5j53d,Customer account 515
cuacc_crf18xa4008y1zc51kmbzmh,Customer account 516
cuacc_ct2r8vsk009h1zcn03zdqp9,Customer account 517
cuacc_cui0zh9d00yp1y65m65lsks,Customer account 518
cuacc_cum9g8m200ft1tmtx2fz677,Customer account 519
cuacc_cx4w67jp00341ufc23u6acj,Customer account 520
cuacc_c109wv1e400461uf150btz1f,Customer account 521
cuacc_c12628dd903jp1zcbqx4mef5,Customer account 522
cuacc_c12mo77at01l31y6c0vmc9qn,Customer account 523
cuacc_c23z2bxry00o01w7oxbhg4ui,Customer account 524
cuacc_c24vv4yzt01hm1w769v9q2t5,Customer account 525
cuacc_c256tmqrv00ls1uyrhvnlsr6,Customer account 526
cuacc_c25zakk0p01rt1w7nfw6w3nz,Customer account 527
cuacc_c28r0kdoj008z1xflp1wki2c,Customer account 528
cuacc_c35mt17ab05mi1xfybloxh45,Customer account 529
cuacc_c38dchi95002q1xfs137lmm7,Customer account 530
cuacc_c3cme26tw000f1xkw06eu4n0,Customer account 531
cuacc_c3col8n17000i1xk0nzc0xi4,Customer account 532
cuacc_c3dfxu3mz00721uy6xv1pnta,Customer account 533
cuacc_c3eluf61p02rd1xkjk3bsm7t,Customer account 534
cuacc_c3fk76x8002rz1xk1u19impa,Customer account 535
cuacc_c47zndwaw007c1xfqe1ukbjw,Customer account 536
cuacc_c484kvb7z007f1xfep80dssm,Customer account 537
cuacc_c5a14odjy03331xfnrxmp7ub,Customer account 538
cuacc_c5w1xi26g02p71xfewwpbcbw,Customer account 539
cuacc_c6cooi4he04fn1uh6b2qxg01,Customer account 540
cuacc_c6da4wqb803dw1xfumrc1g4k,Customer account 541
cuacc_c6emgtdy703dr1xf7v0x1ovv,Customer account 542
cuacc_c6fawl84v03sj1w75tz4drzo,Customer account 543
cuacc_c6for65fl0avo1xkklnq9rf1,Customer account 544
cuacc_c6h06kjqf03k91xfegd567wi,Customer account 545
cuacc_c6mcgkjvk03y01w7uddjlg5r,Customer account 546
cuacc_c6mkz4ev903nk1xfn15wue9l,Customer account 547
cuacc_c6mrsaoix063n1uhiwyhsubh,Customer account 548
cuacc_c6nmos0iu03oc1xf5you0n4u,Customer account 549
cuacc_c6vjp64kp0a5b1uhu5a0dzb4,Customer account 550
cuacc_c7e23czt20agr1uhelee0z5i,Customer account 551
cuacc_c7f5qk3wa04651xf86zv4p3d,Customer account 552
cuacc_c7hgn29g90api1uhm0o6bb6s,Customer account 553
cuacc_c7jdfqx9104u81xfur1pav00,Customer account 554
cuacc_c7kwlz6om0cha1xkuvqhj0xd,Customer account 555
cuacc_c7o1rgns1086y1xfecowygot,Customer account 556
cuacc_c7ox966be05181xfesrxsygd,Customer account 557
cuacc_c7pl8r86a08921xfpk54n99y,Customer account 558
cuacc_c7wpylh0600031xfwyouo0dk,Customer account 559
cuacc_c83t0lbm90dfy1uhqu7lv65v,Customer account 560
cuacc_c8metgh9f00391xfyrfs17yl,Customer account 561
cuacc_c8n22risa036t1xk51pmd6xe,Customer account 562
cuacc_c8nnwnvfv037c1xkd2y13ba1,Customer account 563
cuacc_c8pdfqan004a71xkh1lcr72e,Customer account 564
cuacc_c8r5gtxgc028s1xfs7jvmal1,Customer account 565
cuacc_c8vbhqexe04wb1xfnteg60vc,Customer account 566
cuacc_c8w5s0ucw05v41xf380ztw1b,Customer account 567
cuacc_c8xxauyaf04zt1xkkg62m4jq,Customer account 568
cuacc_c8yt79y4o050l1xknq1dkp4f,Customer account 569
cuacc_c9mom21a503qk1w7avmpkvya,Customer account 570
cuacc_c9olx27b904ur1xfyy528k51,Customer account 571
cuacc_c9qn0izzq01p11uhx8pp44pn,Customer account 572
cuacc_c9rnqz5q204x91xflzf0e2an,Customer account 573
cuacc_c9t886tz605gz1xkofgl8b9k,Customer account 574
cuacc_c9tq3i23l03p01uhai3wv7fz,Customer account 575
cuacc_c9u5kqgkg04lu1w7n4883e70,Customer account 576
cuacc_c9wu2ip4i06ng1xf2tbs7m76,Customer account 577
cuacc_ca00qlw0100m11uy29xxq9l3,Customer account 578
cuacc_ca5g6fmh5097f1xfn21uk10c,Customer account 579
cuacc_ca8rbdhy700001xkfyvwq126,Customer account 580
cuacc_cas8gssjn000g1xftu81bt40,Customer account 581
cuacc_casqxo8640a2l1uh8bme4vl8,Customer account 582
cuacc_cau9hwet200gj1uyvj7f31qy,Customer account 583
cuacc_cavi8jiad01ty1xkh97chvey,Customer account 584
cuacc_cb0xvrphb000f1xfw06eu4n0,Customer account 585
cuacc_cb1r8kaed00101xkxny3v2h3,Customer account 586
cuacc_cb2j6yq1k00051zt54687jg1,Customer account 587
cuacc_cb5a8t41a00011wty1s0i1xk,Customer account 588
cuacc_cb8h96q4e00091w707ock8i9,Customer account 589
cuacc_cc40mrpuf005k1w479lh1plu,Customer account 590
cuacc_cd2cnbac600ry1sw9l176x04,Customer account 591
cuacc_cdl2zxr5t02571vmmzr0a19o,Customer account 592
cuacc_ce3vw210v00u81swio8c9tvl,Customer account 593
cuacc_ce4m57it000o21w4rmhmn4dj,Customer account 594
cuacc_ce5a3y1do013s1vvlvy7cumu,Customer account 595
cuacc_ce5ncn30c02fs1uddlzpap0f,Customer account 596
cuacc_ce7843xrd02gf1udbvvy6qua,Customer account 597
cuacc_ce929lnvk00011ugy1s0i1xk,Customer account 598
cuacc_cec0lcvft001e1stc1g90vyt,Customer account 599
cuacc_ceednclkv000v1uext8ntgxs,Customer account 600
cuacc_ceejlzmjw001u1ujwsresqbj,Customer account 601
cuacc_cefoa56ht019c1uj8zkgb4bv,Customer account 602
cuacc_ceiu0n8jn04dy1uj1fvwsoal,Customer account 603
cuacc_cemxo7q2k03ea1y0ins0m8zu,Customer account 604
cuacc_cesfwtjn7023u1w20jzzo6ej,Customer account 605
cuacc_cf66u2vo9052s1y07wnecc2w,Customer account 606
cuacc_cf6pq5krw04mz1ujq5qt3rmo,Customer account 607
cuacc_cf8r2nxhm059t1y0tp2hijkx,Customer account 608
cuacc_cf8s17e1p059w1y0qpsov5gg,Customer account 609
cuacc_cfba9iz5h007w1wwbk4daeea,Customer account 610
cuacc_cfbc0hzt401nh1z5x669zh8y,Customer account 611
cuacc_cfefo4w1g004c1uphd3aglnp,Customer account 612
cuacc_cfeuxdwum01p91z5z3ix1xkv,Customer account 613
cuacc_cfid0mkvu033l1ww45mx1nah,Customer account 614
cuacc_cfjor167r00051x854687jg1,Customer account 615
cuacc_cfl1ci3s6000y1xrm226xmrh,Customer account 616
cuacc_cfl63ljd500qa1upl9ic0xa8,Customer account 617
cuacc_cfl74w295035v1wwxxd1mc79,Customer account 618
cuacc_cfls7u61i00001pffyvwq126,Customer account 619
cuacc_cg1q3nru2003k1utk0q9j96p,Customer account 620
cuacc_cg2b26eav002x1uhgmbu0yed,Customer account 621
cuacc_cg6t5zwbr004h1tges5l4n5i,Customer account 622
cuacc_cg8nchrot00fg1t0outnv6db,Customer account 623
cuacc_cgc3z9pmn039q1tgrjxd0u8y,Customer account 624
cuacc_cgjdth93m037z1uhopti5q3j,Customer account 625
cuacc_cgkf8lyyc00ee1ugxzpfvfc6,Customer account 626
cuacc_cgl5mq26f042j1utauro3j0q,Customer account 627
cuacc_cgpcqklth04421ut8dvtpz4l,Customer account 628
cuacc_ch7r637gt03zf1tgrqv415ro,Customer account 629
cuacc_chh3ltaju00zt1w07p59nrt1,Customer account 630
cuacc_chhs0pil005l71uh8hxs5941,Customer account 631
cuacc_chk77fhgr06x91tgo6mxxws8,Customer account 632
cuacc_chm1fcr3d0azd1t01xy0z9kg,Customer account 633
cuacc_chnhw46ir0b061t0uyxgphmb,Customer account 634
cuacc_chrx9gs2q003m1t4vomdvhy0,Customer account 635
cuacc_chtpi5u4v00e31sqhb46xtdv,Customer account 636
cuacc_ciiqtyt43009w1xo6afza779,Customer account 637
cuacc_cij72iqrn00291xkl27r1o4h,Customer account 638
cuacc_cijkgn1nx00xj1xy1h5ixjyw,Customer account 639
cuacc_cikpb6uq5002w1xkj85i2l68,Customer account 640
cuacc_ciomyi5ao000h1xk94zut58v,Customer account 641
cuacc_cipwqsv4201rb1x4shnvotr4,Customer account 642
cuacc_cir4sxlhc01s81x4fldoaw8k,Customer account 643
cuacc_ckj5uj89t00c41wet7pb2yoe,Customer account 644
cuacc_ckpfgmfcw00lu1wzkn9jksah,Customer account 645
cuacc_cl4iziuc403vr1t6opjfw1ph,Customer account 646
cuacc_clrnqyaad003i1xggz6je1f5,Customer account 647
cuacc_clrqa1iu200161wzrss5c0e8,Customer account 648
cuacc_cm09a2yjd00l71tgryyasoig,Customer account 649
cuacc_cm1t99it500951sxqhau5tb9,Customer account 650
cuacc_cm31pwkl500ej1sx5ycjnigp,Customer account 651
cuacc_cm3xv7di900bf1t1hodbwyhv,Customer account 652
cuacc_cm5jxqg7z04wx1tci9xjbyc6,Customer account 653
cuacc_cm79iizyl04yh1tcc9978qvv,Customer account 654
cuacc_cmcfwuasb00171su9rx5gbej,Customer account 655
cuacc_cmvzj0ey003oq1w28fn7owvo,Customer account 656
cuacc_cmwxf1reo01bg1w6v8d32ux8,Customer account 657
cuacc_cmx8si3e900xs1rgrqf6ipyu,Customer account 658
cuacc_cmyazht8e02ny1w6rqmeyswj,Customer account 659
cuacc_cn08lqq2301au1ud162hyw8r,Customer account 660
cuacc_cn1h7mlfj010c1rgz0phlonf,Customer account 661
cuacc_cn2dq78lw06dv1w2xf6vui7d,Customer account 662
cuacc_cn2kzvz8l038i1supab6b8no,Customer account 663
cuacc_cn3284m8b09jv1w677oo760z,Customer account 664
cuacc_cn3bghe6m02ll1udya6lf2yl,Customer account 665
cuacc_cn4i9ukye053i1su8m615yw6,Customer account 666
cuacc_cn9dgxspz00101uoxny3v2h3,Customer account 667
cuacc_cno7ay7eo00af1v8gn83dtgg,Customer account 668
cuacc_cnz5stany00q61r3btcl8qx6,Customer account 669
cuacc_cnzgy33q3008d1u188nhikrd,Customer account 670
cuacc_co2q384r901zg1vp3ctun3rs,Customer account 671
cuacc_co3i5afhx00to1r3336mks4n,Customer account 672
cuacc_co5m28ade01o41t7oal0wud2,Customer account 673
cuacc_co72xjwx4018b1qy8c9uaxep,Customer account 674
cuacc_co7ktt5c701971qycnbnrxvm,Customer account 675
cuacc_cocfn5mrg01gf1r3bf5rwjrw,Customer account 676
cuacc_cokst9sq5002l1vps2wo1odm,Customer account 677
cuacc_cp4vtdw6x040u1v83csadbaf,Customer account 678
cuacc_cp5bijo1h04171v80nfcjivk,Customer account 679
cuacc_cp6vmophu01id1qy6grj28cw,Customer account 680
cuacc_cp7w9i2b704411vpy1v3oafq,Customer account 681
cuacc_cp9iogeoo045q1vp7pua1jyo,Customer account 682
cuacc_cp9n95pfb075g1v8a68i18vl,Customer account 683
cuacc_cpaoxpyao04k11t7qmnelaf2,Customer account 684
cuacc_cpbrfwkcl04dy1vp1fvwsoal,Customer account 685
cuacc_cpegs0gt000031xvwyouo0dk,Customer account 686
cuacc_cphidc3cg000g1xbtu81bt40,Customer account 687
cuacc_cpo4ol2mc003t1tq1wuupjen,Customer account 688
cuacc_cq8xzhamp01aa1wt8fatiys3,Customer account 689
cuacc_cqc0djstc02k31wt1tcfcc90,Customer account 690
cuacc_cqdosym6301dc1xblyydv1oe,Customer account 691
cuacc_cqewrp15602lr1wtk5lmdiz8,Customer account 692
cuacc_cqfw8jazq00o31saw584pt2r,Customer account 693
cuacc_cqgagay6k02ng1wt8ecsa3lo,Customer account 694
cuacc_cqgsbyok803ts1uchgrnzpei,Customer account 695
cuacc_cqic97f0m02vv1xg834qiaav,Customer account 696
cuacc_cqk63pvtx038k1wtupwve2ro,Customer account 697
cuacc_cqlpdypqm01461saknrbdb31,Customer account 698
cuacc_ctk3d2ajp0akf1xgtfov68h0,Customer account 699
cuacc_ctl6rxah70ajh1xbj6btbutm,Customer account 700
cuacc_ctlchsqve0ajm1xbkby89tjt,Customer account 701
cuacc_ctm74rt7w04111tq7rqaktyr,Customer account 702
cuacc_ctpk4s0yc0aiu1wtv2gd714w,Customer account 703
cuacc_ctpl3f06r0c2d1xgcdi0ppeo,Customer account 704
cuacc_ctqetxnfx093d1sawoto032y,Customer account 705
cuacc_ctr4k7pe309411say3lzfalo,Customer account 706
cuacc_cttzltge00e9r1uctp7jgm8j,Customer account 707
cuacc_ctzdxj9le000710xk3hz7qls,Customer account 708
cuacc_cu0tyholj000s1zdocxon6wd,Customer account 709
cuacc_cu3up362b001h1zdpp0yu7dq,Customer account 710
cuacc_cul8v5oz000kn113b2bdfbv0,Customer account 711
cuacc_cuphfg7gk00jj1zda0swydcw,Customer account 712
cuacc_curzjgxoa02mp1yao8sclvw7,Customer account 713
cuacc_cus07fqcf01em1xwlka9thtc,Customer account 714
cuacc_cutlnlcn2074h1zij41ez6d2,Customer account 715
cuacc_cutnxvi3m01o8113fvkuxla1,Customer account 716
cuacc_cuw7t1txd01hd1xw0uu6tj4p,Customer account 717
cuacc_cuwkizx2b03qx10x3nxbghdy,Customer account 718
cuacc_cuxztac0m000z1vf8rn8yn8x,Customer account 719
cuacc_cuy8ip2wx002c1tkg5vr1onv,Customer account 720
cuacc_cuyg5fya700301vffuopmjz8,Customer account 721
cuacc_cv14mfk89019d1vw48pax2r0,Customer account 722
cuacc_cv4pv2nj301fu1vwkohacu1a,Customer account 723
cuacc_cvjghnrha00l21wt2kq3dnr8,Customer account 724
cuacc_cvr2mke7403jz1vwwo5g6ui7,Customer account 725
cuacc_cvt6npy2f030a1v0ior20xq7,Customer account 726
cuacc_cvtwj8hqm03mi1vwg2ja1kge,Customer account 727
cuacc_cvujrlb8d04t21tp3wnl3jf5,Customer account 728
cuacc_cvv6ty7qy06p51vf44n350g4,Customer account 729
cuacc_cvx3cuz7t00041v0h6cklh2s,Customer account 730
cuacc_cvxvend2104xe1tp7ecr4djn,Customer account 731
cuacc_cvz8h4je404hp1tk397cg4cf,Customer account 732
cuacc_cvzpiu5ym00031u0wyouo0dk,Customer account 733
cuacc_cw0nasgnx00221vuqn1m69ru,Customer account 734
cuacc_cw1o3b2xf001r1v5bcxpvs9p,Customer account 735
cuacc_cw222nn7800081tughgxf64s,Customer account 736
cuacc_cw2i09ujo00yv1z8sdzbdfv0,Customer account 737
cuacc_cw3e4qj0101hf1x71em1id2m,Customer account 738
cuacc_cw6vjl85a02z31vcvcog9xt0,Customer account 739
cuacc_cwcccpbfe000v1vpxt8ntgxs,Customer account 740
cuacc_cwfmygvtx02oh1vqx9byckm9,Customer account 741
cuacc_cwv0mli7g02rl1vqx0hvfctg,Customer account 742
cuacc_cww2ixt9n00fw1vpsd6tbvin,Customer account 743
cuacc_cwwcx5hmo00g51vpptu0w7vv,Customer account 744
cuacc_cwwujjj7k01ld1tgpckm3pwf,Customer account 745
cuacc_cwz1oacql04ah1tgbe4jzeeb,Customer account 746
cuacc_cwzi6o4ec088n1twg7of1iic,Customer account 747
cuacc_cx4c0u5y5002s1tlcwhx8w5u,Customer account 748
cuacc_cx4s3mpc002nj1wtdu6pluus,Customer account 749
cuacc_cx4wmwknb01w51xa5hdfyl8l,Customer account 750
cuacc_cxeig51cn000k1wrzkcqk7ti,Customer account 751
cuacc_cxf61sp4300bw1vzsxfcyk4t,Customer account 752
cuacc_cxj0ximrr01k31vzyhqwqijj,Customer account 753
cuacc_cxs5qkyqy02dg1sl3n44vixs,Customer account 754
cuacc_cxsfjup5k01kx1vz4hkp3lxd,Customer account 755
cuacc_cxzqv6kxj02gp1slywkjk80d,Customer account 756
cuacc_cy4bq5yn103m01xijlnhg02d,Customer account 757
cuacc_cyauyiwcc000l1vzlxludzzy,Customer account 758
cuacc_cymhfuj7e00121x7rcgskznc,Customer account 759
cuacc_cz9u62chn00591wrya36ycxy,Customer account 760
cuacc_czfj30j2a007b1slbgnioesb,Customer account 761
cuacc_c9lq3qdv01al1vzlgddrwad,Customer account 762
cuacc_c19e0d5hz02kc1wrf8sihe23,Customer account 763
cuacc_c1c2kc79k00071t1k3hz7qls,Customer account 764
cuacc_c1c5dhssr000f1t1w06eu4n0,Customer account 765
cuacc_c1cmi9tzd01d21sr87exlxbc,Customer account 766
cuacc_c1llmy03p01yh1ry9badwa12,Customer account 767
cuacc_c1mdx578u002l1tcs2wo1odm,Customer account 768
cuacc_c1sc5peo8003a1t1rttzs89c,Customer account 769
cuacc_c27xclmjo001e1qzc1g90vyt,Customer account 770
cuacc_c2e2ofj2500is1qz4u4jwzff,Customer account 771
cuacc_c2i3ha5sq002d1uphdxtt86m,Customer account 772
cuacc_c2iy7mdzf01by1rma4eov4on,Customer account 773
cuacc_c2ly0ric703aw1ppuvdeqcnt,Customer account 774
cuacc_c2n81712w00kj1upp8azu8y1,Customer account 775
cuacc_c2njljlwi00531v81wrul0az,Customer account 776
cuacc_c2pa1pq0001cz1tol2ukj88m,Customer account 777
cuacc_c2pn73uki01ep1up25lfzc6x,Customer account 778
cuacc_c2rjt5dl901gl1upntxm9qhl,Customer account 779
cuacc_c2ubc97wl00151vx8hv2x4op,Customer account 780
cuacc_c3e5xzplg001h1tvpp0yu7dq,Customer account 781
cuacc_c3floll0g002y1tv4cbheuks,Customer account 782
cuacc_c3fybfshs01391t2xbv2vvg7,Customer account 783
cuacc_c3kk3j5qp00111xn9jlzbcuz,Customer account 784
cuacc_c3kncxdi6000n1xww4xosm48,Customer account 785
cuacc_c3o8xqmpm00nk1xw157fe63l,Customer account 786
cuacc_c3pa38ltc00wr1xwbgs95p8t,Customer account 787
cuacc_c3rg7ha7101pc1x7gz0y8pax,Customer account 788
cuacc_c3u2z00dj000o1xnkz2pal7j,Customer account 789
cuacc_c3unyrrlh03l91wtqa672ka2,Customer account 790
cuacc_c3x6ddvw400031tiwyouo0dk,Customer account 791
cuacc_c3xpgpq0c000e1rp7aru17jl,Customer account 792
cuacc_c4jzkdpsd038e1ticayvnmzp,Customer account 793
cuacc_c4n8segcv00041uah6cklh2s,Customer account 794
cuacc_c4pix5mo300041whh6cklh2s,Customer account 795
cuacc_c4plr0pi4000o1q2kz2pal7j,Customer account 796
cuacc_c4pqeucfo00131re7gu33gsj,Customer account 797
cuacc_c4pwi53t2000y1tam226xmrh,Customer account 798
cuacc_c4r547c0a00ft1whtx2fz677,Customer account 799
cuacc_c4rdtku6t005v1q26dopjw1r,Customer account 800
cuacc_c4spa6muy000h1t594zut58v,Customer account 801
cuacc_c4uejubcl010v1t6mutthfit,Customer account 802
cuacc_c5l2yz4ci0010117xny3v2h3,Customer account 803
cuacc_c5wcodu5s00021yeb7haliai,Customer account 804
cuacc_c5y5t0jbm001f1x0uxr0lctb,Customer account 805
cuacc_c5yhizwf4001g1vbnr8om9d1,Customer account 806
cuacc_c5zopfv1n00711ygtmkuluyj,Customer account 807
cuacc_c5zr19z3m00ta1y6v34d26x6,Customer account 808
cuacc_c60t6rt7m000d1tcbw046m1l,Customer account 809
cuacc_c6rndyyzn00251vpw1tgc3pt,Customer account 810
cuacc_c6ty5u2u8005n1xnfsxj3l3r,Customer account 811
cuacc_c6zru717p027w1xnddth1plk,Customer account 812
cuacc_c7y68fj51024y1wlpmz1ne3j,Customer account 813
cuacc_c8886j2f301251vcovp5jzir,Customer account 814
cuacc_c920d9aeb07i21v7hm774n9y,Customer account 815
cuacc_c98g8n0lq0a3w1v7tq1zauuz,Customer account 816
cuacc_c9aphv9fv09ed1xn0agkwyow,Customer account 817
cuacc_c9aq04log09si1yyw3tixn7j,Customer account 818
cuacc_c9h8gy21y09lu1xngs5yvavf,Customer account 819
cuacc_ca02s94c70bbb1yyzb4ct868,Customer account 820
cuacc_ca33xe5rg0ad41wl0o81yehk,Customer account 821
cuacc_ca36mpu950ee91xnogezs01f,Customer account 822
cuacc_ca8djidym00s21wvgysesmr2,Customer account 823
cuacc_ca8x16lks01f41xqipripp3u,Customer account 824
cuacc_cabunuieb03o61uh7huuw6pl,Customer account 825
cuacc_caffbdc08032x1xqaqxqnvns,Customer account 826
cuacc_cal8ud8ho03l61weelpf29pb,Customer account 827
cuacc_capxfq42h05l11xq4rrwlj1q,Customer account 828
cuacc_cb9sb7vaq08ll1xq2onrwgwu,Customer account 829
cuacc_cbbezkbsd0dwu1wee62cjtxm,Customer account 830
cuacc_cbdm9t0h70egq1weey1lyrgu,Customer account 831
cuacc_cbfvn5wv90eyh1we2b56idc2,Customer account 832
cuacc_cbgj54xtx0brn1uhy15atcxq,Customer account 833
cuacc_cbrnjysvt06c41qz1mqx5pwk,Customer account 834
cuacc_ccbze2u8p084k1xgvmvlfqph,Customer account 835
cuacc_cceyiaf6b0c6e1wvjeyhdbzu,Customer account 836
cuacc_ccgx9ncdp0a7h1xgyjfx51z8,Customer account 837
cuacc_cckm35kvt0dd41wv14hbz7g9,Customer account 838
cuacc_ccpdiq7kg0gq41xqom9kdkng,Customer account 839
cuacc_cdcygw3k50c3p1xg99imlwon,Customer account 840
cuacc_cdeze3ki80b6c1qz5t2pi631,Customer account 841
cuacc_cdk7cglwx0fvp1wvmayesipi,Customer account 842
cuacc_cdqs9lulw0h441wvkcqhz960,Customer account 843
cuacc_cdsa4qixy0jpj1xqbxy6s0op,Customer account 844
cuacc_cgfjoll660cvm1qzq3ukhx1o,Customer account 845
cuacc_cgyrod9270qj71uh4jg56hbn,Customer account 846
cuacc_ch02re1yq0j0x1qzeuoy0wwk,Customer account 847
cuacc_chxrh6szy00sy1w18gzyo3g2,Customer account 848
cuacc_chxuclgnq00fh1yxibcrpnv3,Customer account 849
cuacc_ci1xqk80701c21uyp1vv04x2,Customer account 850
cuacc_ci3w3kdv701dz1uwf50zfzvc,Customer account 851
cuacc_ci53qkly401341yd95eh7jb9,Customer account 852
cuacc_ci759h1hj00021sbb7haliai,Customer account 853
cuacc_ci98az9r5003x1tctlnapr9l,Customer account 854
cuacc_cia51s9o5003x1u5tlnapr9l,Customer account 855
cuacc_cidgkocsd00s81sgjgzshd2o,Customer account 856
cuacc_cj1q3sj5a060i1u2n6gbupjc,Customer account 857
cuacc_cj1rokdaz04y01twvjgzuifk,Customer account 858
cuacc_cj4ur7uit05n31twfrs43bxr,Customer account 859
cuacc_cj5ijv61h05oj1tw63vta3mm,Customer account 860
cuacc_cj74a31nq000j1x51qkb1ydg,Customer account 861
cuacc_cj9pz2ask00tj1vjk43d6hha,Customer account 862
cuacc_ck0b070gz00ek1xerov4uftd,Customer account 863
cuacc_ck2pcygjh02sg1voc0cw47ea,Customer account 864
cuacc_ck54vxwtx03cv1xegq8xoba5,Customer account 865
cuacc_ck6i68tg905jq1wqrxif99df,Customer account 866
cuacc_ck7bg17fd019b1xc3ekslsk6,Customer account 867
cuacc_ck9ikcoou00u91v6hgfkecdm,Customer account 868
cuacc_ckgauxsuw009j1xxdkibr3fd,Customer account 869
cuacc_ckhk7veh100ni1uhwaz14usw,Customer account 870
cuacc_ckypaxflj00ne1xh09ih1l6f,Customer account 871
cuacc_ckzdkqce200dv1vak40gijx2,Customer account 872
cuacc_cl3m9uw4701271xx528b8q3k,Customer account 873
cuacc_cl5c8m98l01o51xhn82fylnq,Customer account 874
cuacc_cle574xp705oj1xh63vta3mm,Customer account 875
cuacc_clfe18bge05up1xhg3h4o011,Customer account 876
cuacc_cmmknlaq806pn1wd67d7j3ew,Customer account 877
cuacc_cnm7y7mlf0epr1uhu8jpftb0,Customer account 878
cuacc_cnqhbxtbl0aee1xxxzvz1q5s,Customer account 879
cuacc_cofd21rdy0csq1xh4xotufha,Customer account 880
cuacc_coffcdhtb0jfg1uhhaflz2ax,Customer account 881
cuacc_cogw2j9qw0od01vat1g7s92b,Customer account 882
cuacc_col6680ya0ek91wdgzeq88ba,Customer account 883
cuacc_com0gjsvx0mew1uhtru3a6km,Customer account 884
cuacc_coqoy81mb0f5c1wdmonecugd,Customer account 885
cuacc_core83era0d2j1u4hrk8gx89,Customer account 886
cuacc_cowtun5j600041ubh6cklh2s,Customer account 887
cuacc_cpiwmaock00w41ulk7hl8upo,Customer account 888
cuacc_cplnasy9b018n1vykx09jwm0,Customer account 889
cuacc_cpnaqvqc604se1vy20653lxa,Customer account 890
cuacc_cpnrt0hjq02nz1u139efmqn2,Customer account 891
cuacc_cptmwrtb507aq1ulokcw6y49,Customer account 892
cuacc_cpvayh02006aj1u1mw64yqj7,Customer account 893
cuacc_cpwe7xyrr08a11vyxhdkthh2,Customer account 894
cuacc_cpype775t00171x89rx5gbej,Customer account 895
cuacc_cpz75axyr00321wbysdjhom9,Customer account 896
cuacc_cqrsarkz9024h1ytjxl5ew3m,Customer account 897
cuacc_cqyxhbax202pc1s7gxbzlgn4,Customer account 898
cuacc_cr2xjt4kd004w1wtr1c7vtp5,Customer account 899
cuacc_cr5soqvkt08zg1yu8ks9ulni,Customer account 900
cuacc_crqhszmzx0a8i1yu04apbbws,Customer account 901
cuacc_crwddi7r3059p1wxojzr7rgf,Customer account 902
cuacc_crzgv0kpz08v61y4tgkvq2ov,Customer account 903
cuacc_cs5r7klny097v1uxkrvvb9zb,Customer account 904
cuacc_csdzpwjrc0gfw1yu1t9fogd2,Customer account 905
cuacc_csqmdjet10hz31yuswkktixt,Customer account 906
cuacc_csrtl34s106y71ya9eqlf00p,Customer account 907
cuacc_csv3cql780cii1uxq0uv58cx,Customer account 908
cuacc_csv4lhlbe0cim1uxvkmliqa2,Customer account 909
cuacc_csvhvj07s08971ya1cxva8hc,Customer account 910
cuacc_cswx3s6vr08cm1yaosp14qnk,Customer account 911
cuacc_cszdoezh5000r1x1e5prlisl,Customer account 912
cuacc_cszfrvuns00l81ywuheaah87,Customer account 913
cuacc_ct066hzny01ml1wswn4rthfp,Customer account 914
cuacc_ct1s8kmao01kh1y7a9fjw3ug,Customer account 915
cuacc_ct3yqnf3504m71ywhj6xz1wg,Customer account 916
cuacc_ctavc21kq04yr1x1uxo1oj3l,Customer account 917
cuacc_ctdf246mq07dr1x1lnm9nn0p,Customer account 918
cuacc_cuorhigl2043p1wsuu2y6nvq,Customer account 919
cuacc_cv53aubtd09qy1x1fctsbb7m,Customer account 920
cuacc_cvfng21yt0a1a1x1fvdg5z7g,Customer account 921
cuacc_cvg6ur0oa08uc1y7bnbx7eni,Customer account 922
cuacc_cvq5ccyna089u1xrf3zh5vlq,Customer account 923
cuacc_cw0aim58j08cp1xrshwn4grg,Customer account 924
cuacc_cw1fghpj707ip1wscxmgtrfs,Customer account 925
cuacc_cw3ih9ftg0a601y7saypkv83,Customer account 926
cuacc_cw7yjtetu0e911yw5l4ek9aa,Customer account 927
cuacc_cw9ttevu60frk1yw7za703re,Customer account 928
cuacc_cwaminqp00c6n1x107xb8v68,Customer account 929
cuacc_cwaoj5isg0brv1y7nqdy1a06,Customer account 930
cuacc_cwdlqedm70b4x1xwj4iqf5nt,Customer account 931
cuacc_cwyllii9y0ng31ywsbeys1m4,Customer account 932
cuacc_cx7hno56r0ms91y7ysnsem93,Customer account 933
cuacc_cx7x4tm2x0msx1y7icfk3cmv,Customer account 934
cuacc_cxauv3ai60jhf1wsmvhg7rjz,Customer account 935
cuacc_cxbi7hww0000u1reln6e029c,Customer account 936
cuacc_cxegv4ibp00ta1uzv34d26x6,Customer account 937
cuacc_cxgkq400k012y1slclzq7els,Customer account 938
cuacc_cxka9d1fx01zl1uz8pkv4b95,Customer account 939
cuacc_cxlb5ytdu021z1slgyv398hk,Customer account 940
cuacc_cyjtgclv502bl1x0g7p81shp,Customer account 941
cuacc_cykrp904x03m61txjgrfjkpn,Customer account 942
cuacc_cyl86is0h08ge1vj1qw4u9zw,Customer account 943
cuacc_cyq5ovm1n010b1vlyxkfbhoo,Customer account 944
cuacc_cys3nhmmb022a1w3rmdf9eot,Customer account 945
cuacc_czg0rdowl06yn1vpechpbx3o,Customer account 946
cuacc_czgbssvai05fj1vjdekxiie3,Customer account 947
cuacc_czhmzwvzw04fi1vl5435ph96,Customer account 948
cuacc_czhsvagsw06ah1w3938tnn2l,Customer account 949
cuacc_czi6jbze502rd1uhjk3bsm7t,Customer account 950
cuacc_czitzs6ls06nd1vjsw0fodic,Customer account 951
cuacc_czk2j92q503101uh02l70gk5,Customer account 952
cuacc_czqomtem500dp1uwebhuek9d,Customer account 953
cuacc_czuhcv8sp031n1qi6jjy38uz,Customer account 954
cuacc_czzgr8z3i02ke1r4ldqwsqp8,Customer account 955
cuacc_cf0h9gm4085g1sy6utz0vkg,Customer account 956
cuacc_cl0jvvso009q1yrf4k5q619,Customer account 957
cuacc_clmt0sx5008e1xykv1ch3zr,Customer account 958
cuacc_cmvg4m5m004m1uieir2acci,Customer account 959
cuacc_co85c8z5008l1yld0i79s1u,Customer account 960
cuacc_cpmyigkk00vl1xhcdxg4sdt,Customer account 961
cuacc_cs2499o301e71wwj0u5hr5h,Customer account 962
